{
	"info": {
		"_postman_id": "0542266c-1083-4ab5-bbc1-28ae9aeb467f",
		"name": "Pet Commerce",
		"schema": "https://schema.getpostman.com/json/collection/v2.1.0/collection.json",
		"_exporter_id": "27256047"
	},
	"item": [
		{
			"name": "Auth",
			"item": [
				{
					"name": "Register User",
					"request": {
						"method": "POST",
						"header": [],
						"body": {
							"mode": "raw",
							"raw": "{\n    \"name\": \"John Doe 2\",\n    \"email\": \"john@example.com\",\n    \"password\": \"password\",\n    \"address\": \"123 Main St\",\n    \"phone_number\": \"1234567890\",\n    \"role\": \"seller\"\n}",
							"options": {
								"raw": {
									"language": "json"
								}
							}
						},
						"url": {
							"raw": "http://localhost:3000/users/register",
							"protocol": "http",
							"host": [
								"localhost"
							],
							"port": "3000",
							"path": [
								"users",
								"register"
							]
						}
					},
					"response": []
				},
				{
					"name": "Login User",
					"request": {
						"method": "POST",
						"header": [],
						"body": {
							"mode": "raw",
							"raw": "{\n    \"email\": \"john@example.com\",\n    \"password\": \"password\"\n}",
							"options": {
								"raw": {
									"language": "json"
								}
							}
						},
						"url": {
							"raw": "http://localhost:3000/users/login",
							"protocol": "http",
							"host": [
								"localhost"
							],
							"port": "3000",
							"path": [
								"users",
								"login"
							]
						}
					},
					"response": []
				},
				{
					"name": "Logout User",
					"request": {
						"method": "POST",
						"header": [],
						"body": {
							"mode": "raw",
							"raw": "{\n    \"user_id\": 1\n}",
							"options": {
								"raw": {
									"language": "json"
								}
							}
						},
						"url": {
							"raw": "http://localhost:3000/users/logout",
							"protocol": "http",
							"host": [
								"localhost"
							],
							"port": "3000",
							"path": [
								"users",
								"logout"
							]
						}
					},
					"response": []
				},
				{
					"name": "getUserStore",
					"request": {
						"method": "GET",
						"header": [],
						"url": {
							"raw": "http://localhost:3000/users/store/3",
							"protocol": "http",
							"host": [
								"localhost"
							],
							"port": "3000",
							"path": [
								"users",
								"store",
								"3"
							]
						}
					},
					"response": []
				},
				{
					"name": "updateUser",
					"request": {
						"method": "PUT",
						"header": [],
						"body": {
							"mode": "urlencoded",
							"urlencoded": [
								{
									"key": "name",
									"value": "rama",
									"type": "text"
								},
								{
									"key": "email",
									"value": "rama123@yahoo.com",
									"type": "text"
								},
								{
									"key": "address",
									"value": "gunung anyar",
									"type": "text"
								},
								{
									"key": "phone_number",
									"value": "1233456773",
									"type": "text"
								}
							]
						},
						"url": {
							"raw": "http://localhost:3000/users/3",
							"protocol": "http",
							"host": [
								"localhost"
							],
							"port": "3000",
							"path": [
								"users",
								"3"
							]
						}
					},
					"response": []
				},
				{
					"name": "upload profpic",
					"request": {
						"method": "POST",
						"header": [],
						"body": {
							"mode": "formdata",
							"formdata": [
								{
									"key": "file",
									"type": "file",
									"src": "/D:/campuran/instagram pp/HD-wallpaper-neon-mask-hacker-hackers-lonely-hacker-neon-mask.jpg"
								}
							]
						},
						"url": {
							"raw": "http://localhost:3000/users/profilpic/2",
							"protocol": "http",
							"host": [
								"localhost"
							],
							"port": "3000",
							"path": [
								"users",
								"profilpic",
								"2"
							]
						}
					},
					"response": []
				},
				{
					"name": "getProfilpic",
					"request": {
						"method": "GET",
						"header": [],
						"url": {
							"raw": "http://localhost:3000/users/pic/2",
							"protocol": "http",
							"host": [
								"localhost"
							],
							"port": "3000",
							"path": [
								"users",
								"pic",
								"2"
							]
						}
					},
					"response": []
				}
			]
		},
		{
			"name": "Sellers",
			"item": [
				{
					"name": "Create Store",
					"request": {
						"method": "POST",
						"header": [],
						"body": {
							"mode": "raw",
							"raw": "{\n    \"user_id\": 4,\n    \"store_name\": \"My Store\",\n    \"store_description\": \"This is my store\"\n}",
							"options": {
								"raw": {
									"language": "json"
								}
							}
						},
						"url": {
							"raw": "http://localhost:3000/sellers/create-store",
							"protocol": "http",
							"host": [
								"localhost"
							],
							"port": "3000",
							"path": [
								"sellers",
								"create-store"
							]
						}
					},
					"response": []
				},
				{
					"name": "Add Product",
					"request": {
						"method": "POST",
						"header": [],
						"body": {
							"mode": "formdata",
							"formdata": [
								{
									"key": "file",
									"type": "file",
									"src": "/D:/campuran/instagram pp/1681367985_6437a3b1c80be_3PIsFnFHZ05xHEUqvE28.jpg"
								},
								{
									"key": "user_id",
									"value": "3",
									"type": "text"
								},
								{
									"key": "store_id",
									"value": "3",
									"type": "text"
								},
								{
									"key": "product_name",
									"value": "Product 1",
									"type": "text"
								},
								{
									"key": "price",
									"value": "100",
									"type": "text"
								},
								{
									"key": "rating",
									"value": "0",
									"type": "text"
								},
								{
									"key": "quantity",
									"value": "10",
									"type": "text"
								},
								{
									"key": "category_id",
									"value": "1",
									"type": "text"
								}
							]
						},
						"url": {
							"raw": "http://localhost:3000/sellers/add-product/product",
							"protocol": "http",
							"host": [
								"localhost"
							],
							"port": "3000",
							"path": [
								"sellers",
								"add-product",
								"product"
							]
						}
					},
					"response": []
				},
				{
					"name": "Edit Product",
					"request": {
						"method": "PUT",
						"header": [],
						"body": {
							"mode": "raw",
							"raw": "{\n    \"user_id\": 1,\n    \"product_name\": \"Updated Name\",\n    \"price\": 150,\n    \"quantity\": 15\n}",
							"options": {
								"raw": {
									"language": "json"
								}
							}
						},
						"url": {
							"raw": "http://localhost:3000/sellers/edit-product/1",
							"protocol": "http",
							"host": [
								"localhost"
							],
							"port": "3000",
							"path": [
								"sellers",
								"edit-product",
								"1"
							]
						}
					},
					"response": []
				},
				{
					"name": "Delete Product",
					"request": {
						"method": "DELETE",
						"header": [],
						"body": {
							"mode": "raw",
							"raw": "{\n    \"user_id\": 1\n}",
							"options": {
								"raw": {
									"language": "json"
								}
							}
						},
						"url": {
							"raw": "http://localhost:3000/sellers/delete-product/1",
							"protocol": "http",
							"host": [
								"localhost"
							],
							"port": "3000",
							"path": [
								"sellers",
								"delete-product",
								"1"
							]
						}
					},
					"response": []
				},
				{
					"name": "View Products",
					"protocolProfileBehavior": {
						"disableBodyPruning": true
					},
					"request": {
						"method": "GET",
						"header": [],
						"body": {
							"mode": "raw",
							"raw": "{\n    \"user_id\": 1\n}",
							"options": {
								"raw": {
									"language": "json"
								}
							}
						},
						"url": {
							"raw": "http://localhost:3000/sellers/view-products/1",
							"protocol": "http",
							"host": [
								"localhost"
							],
							"port": "3000",
							"path": [
								"sellers",
								"view-products",
								"1"
							]
						}
					},
					"response": []
				},
				{
					"name": "GetAllProducts",
					"request": {
						"method": "GET",
						"header": [],
						"url": {
							"raw": ""
						}
					},
					"response": []
				},
				{
					"name": "searchProduct",
					"request": {
						"method": "GET",
						"header": [],
						"url": {
							"raw": "http://localhost:3000/sellers/products?q=s",
							"protocol": "http",
							"host": [
								"localhost"
							],
							"port": "3000",
							"path": [
								"sellers",
								"products"
							],
							"query": [
								{
									"key": "q",
									"value": "s"
								}
							]
						}
					},
					"response": []
				},
				{
					"name": "getProductPic",
					"request": {
						"method": "GET",
						"header": [],
						"url": {
							"raw": "http://localhost:3000/sellers/product/pic/38",
							"protocol": "http",
							"host": [
								"localhost"
							],
							"port": "3000",
							"path": [
								"sellers",
								"product",
								"pic",
								"38"
							]
						}
					},
					"response": []
				}
			]
		},
		{
			"name": "Admin",
			"item": [
				{
					"name": "View All Users",
					"request": {
						"method": "GET",
						"header": [],
						"url": {
							"raw": "http://localhost:3000/admin/users",
							"protocol": "http",
							"host": [
								"localhost"
							],
							"port": "3000",
							"path": [
								"admin",
								"users"
							]
						}
					},
					"response": []
				},
				{
					"name": "Delete User Post",
					"request": {
						"method": "DELETE",
						"header": [],
						"url": {
							"raw": "http://localhost:3000/admin/post/5",
							"protocol": "http",
							"host": [
								"localhost"
							],
							"port": "3000",
							"path": [
								"admin",
								"post",
								"5"
							]
						}
					},
					"response": []
				},
				{
					"name": "Delete User",
					"request": {
						"method": "DELETE",
						"header": [],
						"url": {
							"raw": "http://localhost:3000/admin/users/1",
							"protocol": "http",
							"host": [
								"localhost"
							],
							"port": "3000",
							"path": [
								"admin",
								"users",
								"1"
							]
						}
					},
					"response": []
				}
			]
		},
		{
			"name": "Post",
			"item": [
				{
					"name": "Add Post",
					"request": {
						"method": "POST",
						"header": [],
						"body": {
							"mode": "formdata",
							"formdata": [
								{
									"key": "file",
									"type": "file",
									"src": "/D:/campuran/instagram pp/1681367985_6437a3b1c80be_3PIsFnFHZ05xHEUqvE28.jpg"
								},
								{
									"key": "user_id",
									"value": "3",
									"type": "text"
								},
								{
									"key": "title",
									"value": "idol3",
									"type": "text"
								}
							]
						},
						"url": {
							"raw": "http://localhost:3000/post/post",
							"protocol": "http",
							"host": [
								"localhost"
							],
							"port": "3000",
							"path": [
								"post",
								"post"
							]
						}
					},
					"response": []
				},
				{
					"name": "getPostById",
					"request": {
						"method": "GET",
						"header": [],
						"url": {
							"raw": "http://localhost:3000/post/30",
							"protocol": "http",
							"host": [
								"localhost"
							],
							"port": "3000",
							"path": [
								"post",
								"30"
							]
						}
					},
					"response": []
				},
				{
					"name": "GetAllPost",
					"request": {
						"method": "GET",
						"header": [],
						"url": {
							"raw": "http://localhost:3000/post/",
							"protocol": "http",
							"host": [
								"localhost"
							],
							"port": "3000",
							"path": [
								"post",
								""
							]
						}
					},
					"response": []
				},
				{
					"name": "updatePost",
					"request": {
						"method": "PUT",
						"header": [],
						"body": {
							"mode": "raw",
							"raw": "{\r\n    \"title\" : \"update dikit ga ngaruh\",\r\n    \"user_id\" : 2\r\n}",
							"options": {
								"raw": {
									"language": "json"
								}
							}
						},
						"url": {
							"raw": "http://localhost:3000/post/1",
							"protocol": "http",
							"host": [
								"localhost"
							],
							"port": "3000",
							"path": [
								"post",
								"1"
							]
						}
					},
					"response": []
				},
				{
					"name": "deletePost",
					"request": {
						"method": "DELETE",
						"header": [],
						"body": {
							"mode": "raw",
							"raw": ""
						},
						"url": {
							"raw": "http://localhost:3000/post/1",
							"protocol": "http",
							"host": [
								"localhost"
							],
							"port": "3000",
							"path": [
								"post",
								"1"
							]
						}
					},
					"response": []
				},
				{
					"name": "getPostPic",
					"request": {
						"method": "GET",
						"header": [],
						"url": {
							"raw": "http://localhost:3000/post/pic/39",
							"protocol": "http",
							"host": [
								"localhost"
							],
							"port": "3000",
							"path": [
								"post",
								"pic",
								"39"
							]
						}
					},
					"response": []
				}
			]
		},
		{
			"name": "Cart",
			"item": [
				{
					"name": "addToCart",
					"request": {
						"method": "POST",
						"header": [],
						"body": {
							"mode": "raw",
							"raw": "{\r\n    \"user_id\" : 2,\r\n    \"product_id\" : 1,\r\n    \"qty\" : 10\r\n}",
							"options": {
								"raw": {
									"language": "json"
								}
							}
						},
						"url": {
							"raw": "http://localhost:3000/cart",
							"protocol": "http",
							"host": [
								"localhost"
							],
							"port": "3000",
							"path": [
								"cart"
							]
						}
					},
					"response": []
				},
				{
					"name": "getCart",
					"request": {
						"method": "GET",
						"header": [],
						"url": {
							"raw": "http://localhost:3000/cart/2",
							"protocol": "http",
							"host": [
								"localhost"
							],
							"port": "3000",
							"path": [
								"cart",
								"2"
							]
						}
					},
					"response": []
				},
				{
					"name": "updateCart",
					"request": {
						"method": "PUT",
						"header": [],
						"body": {
							"mode": "raw",
							"raw": "{\r\n    \"product_id\" : 1,\r\n    \"qty\" : 5\r\n}",
							"options": {
								"raw": {
									"language": "json"
								}
							}
						},
						"url": {
							"raw": "http://localhost:3000/cart/2",
							"protocol": "http",
							"host": [
								"localhost"
							],
							"port": "3000",
							"path": [
								"cart",
								"2"
							]
						}
					},
					"response": []
				},
				{
					"name": "deleteCart",
					"request": {
						"method": "DELETE",
						"header": [],
						"url": {
							"raw": "http://localhost:3000/cart/2",
							"protocol": "http",
							"host": [
								"localhost"
							],
							"port": "3000",
							"path": [
								"cart",
								"2"
							]
						}
					},
					"response": []
				}
			]
		},
		{
			"name": "Categories",
			"item": [
				{
					"name": "getAllCategories",
					"request": {
						"method": "GET",
						"header": [],
						"url": {
							"raw": "http://localhost:3000/categories/",
							"protocol": "http",
							"host": [
								"localhost"
							],
							"port": "3000",
							"path": [
								"categories",
								""
							]
						}
					},
					"response": []
				}
			]
		},
		{
			"name": "Comments",
			"item": [
				{
					"name": "addComment",
					"request": {
						"method": "POST",
						"header": [],
						"body": {
							"mode": "raw",
							"raw": "{\r\n    \"comment_text\" : \"bagus\", \r\n    \"user_id\" : 2, \r\n    \"post_id\" : 30\r\n}",
							"options": {
								"raw": {
									"language": "json"
								}
							}
						},
						"url": {
							"raw": "http://localhost:3000/comments/",
							"protocol": "http",
							"host": [
								"localhost"
							],
							"port": "3000",
							"path": [
								"comments",
								""
							]
						}
					},
					"response": []
				},
				{
					"name": "getCommentsByPostId",
					"request": {
						"method": "GET",
						"header": [],
						"url": {
							"raw": "http://localhost:3000/comments/1",
							"protocol": "http",
							"host": [
								"localhost"
							],
							"port": "3000",
							"path": [
								"comments",
								"1"
							]
						}
					},
					"response": []
				},
				{
					"name": "deleteComment",
					"request": {
						"method": "DELETE",
						"header": [],
						"url": {
							"raw": "http://localhost:3000/comments/1",
							"protocol": "http",
							"host": [
								"localhost"
							],
							"port": "3000",
							"path": [
								"comments",
								"1"
							]
						}
					},
					"response": []
				}
			]
		},
		{
			"name": "Like",
			"item": [
				{
					"name": "getLikesByPostId",
					"request": {
						"method": "GET",
						"header": [],
						"url": {
							"raw": "http://localhost:3000/like/1",
							"protocol": "http",
							"host": [
								"localhost"
							],
							"port": "3000",
							"path": [
								"like",
								"1"
							]
						}
					},
					"response": []
				},
				{
					"name": "likePost",
					"request": {
						"method": "POST",
						"header": [],
						"body": {
							"mode": "raw",
							"raw": "{\r\n    \"post_id\" : 30,\r\n    \"user_id\" : 2\r\n}",
							"options": {
								"raw": {
									"language": "json"
								}
							}
						},
						"url": {
							"raw": "http://localhost:3000/like",
							"protocol": "http",
							"host": [
								"localhost"
							],
							"port": "3000",
							"path": [
								"like"
							]
						}
					},
					"response": []
				},
				{
					"name": "unlikePost",
					"request": {
						"method": "DELETE",
						"header": [],
						"body": {
							"mode": "raw",
							"raw": "{\r\n    \"post_id\" : 1,\r\n    \"user_id\" : 3\r\n}",
							"options": {
								"raw": {
									"language": "json"
								}
							}
						},
						"url": {
							"raw": "http://localhost:3000/like/",
							"protocol": "http",
							"host": [
								"localhost"
							],
							"port": "3000",
							"path": [
								"like",
								""
							]
						}
					},
					"response": []
				}
			]
		},
		{
			"name": "Order",
			"item": [
				{
					"name": "createNewOrder",
					"request": {
						"method": "POST",
						"header": [],
						"body": {
							"mode": "raw",
							"raw": "{\r\n    \"user_id\" : 2\r\n}",
							"options": {
								"raw": {
									"language": "json"
								}
							}
						},
						"url": {
							"raw": "http://localhost:3000/order/",
							"protocol": "http",
							"host": [
								"localhost"
							],
							"port": "3000",
							"path": [
								"order",
								""
							]
						}
					},
					"response": []
				},
				{
					"name": "getOrderById",
					"request": {
						"method": "GET",
						"header": [],
						"url": {
							"raw": "http://localhost:3000/order/2",
							"protocol": "http",
							"host": [
								"localhost"
							],
							"port": "3000",
							"path": [
								"order",
								"2"
							]
						}
					},
					"response": []
				},
				{
					"name": "addProductToOrder",
					"request": {
						"method": "POST",
						"header": [],
						"body": {
							"mode": "raw",
							"raw": "{\r\n    \"product_id\" : 1,\r\n    \"qty\" : 5\r\n}",
							"options": {
								"raw": {
									"language": "json"
								}
							}
						},
						"url": {
							"raw": "http://localhost:3000/order/add/2",
							"protocol": "http",
							"host": [
								"localhost"
							],
							"port": "3000",
							"path": [
								"order",
								"add",
								"2"
							]
						}
					},
					"response": []
				},
				{
					"name": "getOrderDetailsById",
					"request": {
						"method": "GET",
						"header": [],
						"url": {
							"raw": "http://localhost:3000/order/details/1",
							"protocol": "http",
							"host": [
								"localhost"
							],
							"port": "3000",
							"path": [
								"order",
								"details",
								"1"
							]
						}
					},
					"response": []
				}
			]
		}
	]
}